episode,reward,energy,violation_rate,q_loss,mf_loss,temp,eps
1,-590.0200906780873,9531.793168656443,29.15,0,0,0.4957142857142857,0.4
2,-474.3009034514015,9143.73795858852,28.799999999999997,21148.539603622645,0.04893629215402554,0.49142857142857144,0.3946666666666667
3,-510.0255867870208,9539.135054760847,33.300000000000004,19634.585577636717,0.04581479296460748,0.48714285714285716,0.38933333333333336
4,-497.16470092216736,9344.777106202473,30.049999999999997,19118.55203955078,0.0430060745999217,0.4828571428571429,0.384
5,-454.298546811264,9466.580061904724,27.650000000000002,19761.778565429686,0.04154827194660902,0.4785714285714286,0.3786666666666667
6,-410.016419797238,8982.211984658179,31.15,19772.228138183593,0.04088316324353218,0.4742857142857143,0.37333333333333335
7,-350.0232427420609,8304.54740586839,29.549999999999997,19483.83299267578,0.040540912736207246,0.47000000000000003,0.36800000000000005
8,-408.58644546028427,8698.86550178032,31.35,18986.294463867187,0.04021843759715557,0.46571428571428575,0.3626666666666667
9,-251.43416792267794,8411.819387486086,28.9,18318.98234033203,0.04006126436404884,0.46142857142857147,0.35733333333333334
10,-361.4369935241131,8248.785928629022,31.4,18192.23828222656,0.039789603896439076,0.4571428571428572,0.35200000000000004
11,-334.29266446362936,8478.919152141878,30.599999999999998,17999.853947265627,0.039548264803364874,0.4528571428571429,0.3466666666666667
12,-282.8689866616802,8110.0931428523045,30.15,17740.87458642578,0.03924866255559027,0.4485714285714286,0.3413333333333333
13,-204.28674146648018,8916.160826165977,27.400000000000002,17569.363819724436,0.041055073837193444,0.44428571428571434,0.336
14,-190.00329849409053,8102.387075023417,27.85,16831.986476201597,0.04559387323864992,0.44000000000000006,0.33066666666666666
15,-195.71569508285862,7863.310674441761,27.0,16377.301539707645,0.04528643366507286,0.4357142857142858,0.32533333333333336
16,-157.14692787354653,7705.480061676039,26.700000000000003,16020.950947371774,0.04493954485633235,0.4314285714285715,0.32000000000000006
17,-160.00281348234793,8081.088736728989,26.25,15633.150634942538,0.04457385181696807,0.4271428571428572,0.31466666666666665
18,-131.42883132988123,8136.010577548911,24.95,15241.85071243065,0.04421561747825376,0.42285714285714293,0.30933333333333335
19,-104.28625651031476,8094.35207265839,23.799999999999997,15001.771675397347,0.04388006731039948,0.41857142857142865,0.30400000000000005
20,-155.71857952532838,7590.718179786526,25.75,14978.975620951629,0.0436290763138573,0.41428571428571437,0.29866666666666664
21,-81.42750132861443,7111.726077238927,24.55,14727.012809569133,0.04330051070178188,0.4100000000000001,0.2933333333333334
22,-111.42807551143656,7736.0308652762415,26.150000000000002,14541.53648208397,0.042990930797757156,0.4057142857142858,0.288
23,-37.141688850240556,7249.430458272195,22.5,14185.277121428706,0.04271431500857003,0.4014285714285715,0.2826666666666667
24,-74.28469329549544,7476.90614863821,24.25,14081.146714657401,0.04242837515430174,0.39714285714285724,0.2773333333333334
25,-91.42785734146067,7442.057897952237,24.8,14042.832872591618,0.04218442787906686,0.39285714285714296,0.27199999999999996
26,-44.28507939238531,7406.993779303234,23.9,13890.783501415897,0.041931895469877745,0.3885714285714287,0.2666666666666667
27,-67.14211405584301,7228.474233681978,24.85,13740.969949267106,0.04172031509055608,0.3842857142857144,0.26133333333333336
28,-105.71352757660256,7280.443029414052,26.25,13653.486173944888,0.041450786506892115,0.3800000000000001,0.256
29,-81.42776376553999,7155.86157694808,24.349999999999998,13685.617316145597,0.04110750496513458,0.37571428571428583,0.2506666666666667
30,-57.141744413343595,7248.483796286585,23.75,13552.13837553015,0.04093955557991341,0.37142857142857155,0.24533333333333332
31,-48.57048689506512,7287.769464064555,24.95,13310.70360102999,0.040687722521091714,0.36714285714285727,0.24
32,-51.42782503708282,7244.352004337933,24.55,13223.596183681027,0.040487010307286096,0.362857142857143,0.2346666666666667
33,-44.28455914053961,6429.797339003602,25.1,13174.784841926317,0.04025769402421471,0.3585714285714287,0.2293333333333333
34,-47.14168440901782,7164.719829905694,24.95,13027.478389684704,0.04005820352746093,0.3542857142857144,0.22400000000000003
35,-54.28489617181048,6847.7415477389495,23.65,12992.953579660314,0.03994248196086734,0.35000000000000014,0.21866666666666668
36,-41.42753749529362,7018.275508000887,24.25,12810.355924129026,0.03972147170382277,0.34571428571428586,0.21333333333333335
37,-32.85621828865928,6506.591771695418,24.45,12790.186659093295,0.039532215684508355,0.3414285714285716,0.20800000000000002
38,-39.998998686044125,6692.784152523012,24.4,12654.169413300298,0.03940659912150119,0.3371428571428573,0.20266666666666666
39,-38.57034258273631,6881.969994273311,23.599999999999998,12693.690477524173,0.039197187816751175,0.332857142857143,0.19733333333333333
40,-39.998925507221905,6887.543421926944,23.849999999999998,12544.962460518806,0.03912215612486797,0.32857142857142874,0.192
41,-18.570474360409833,6670.862410251322,23.599999999999998,12362.213643443527,0.03896991048404128,0.32428571428571445,0.18666666666666668
42,-24.284925311355245,6458.05700866538,24.95,12329.613007675393,0.03889010246609144,0.3200000000000002,0.18133333333333335
43,-64.28469970203643,6686.269014445059,24.9,12289.949325937465,0.03869660646803137,0.3157142857142859,0.176
44,-28.570488638592128,6776.529232899397,22.900000000000002,12265.375772629153,0.0385656348515104,0.3114285714285716,0.17066666666666666
45,-22.85581188847216,6585.583545350045,24.45,12301.968771826703,0.038514323341817674,0.30714285714285733,0.16533333333333333
46,-15.713501265250866,6705.398955032977,23.549999999999997,12042.478218093356,0.03831442049322065,0.30285714285714305,0.16000000000000003
47,-29.99908935876473,6552.467520677968,24.45,12076.81633996641,0.03834704175627462,0.29857142857142877,0.1546666666666667
48,-9.998994755283046,5933.0122143714925,23.7,12002.89059325877,0.03805216291046517,0.2942857142857145,0.14933333333333332
49,-7.1418084606928325,6375.348139507612,24.45,11917.565175919832,0.037986240646653416,0.2900000000000002,0.144
50,-31.427603311833227,6190.192097243446,23.95,11849.249758918504,0.037924795799353275,0.2857142857142859,0.1386666666666667
51,-21.42754566352711,6472.7654549365025,24.75,11773.17693126144,0.03772735332683232,0.28142857142857164,0.13333333333333336
52,-17.142007248933098,5751.81919214586,23.599999999999998,11798.477137678949,0.03771347267742174,0.27714285714285736,0.12799999999999997
53,-25.71326382005254,6177.83136140258,27.200000000000003,11769.765414904166,0.03756497174699382,0.2728571428571431,0.12266666666666666
54,-15.713371128479084,6533.513485684069,24.5,11761.894494886905,0.037537326237213786,0.2685714285714288,0.11733333333333335
55,-7.1420419784564375,6350.008956910279,23.799999999999997,11767.41183773907,0.037522286306256834,0.2642857142857145,0.11200000000000002
56,-4.284981000101861,5666.546078782485,25.45,11680.177899630635,0.037386401557332076,0.26000000000000023,0.10666666666666669
57,-8.570664328316413,6192.50538780759,25.3,11747.191197691101,0.03730644886314437,0.25571428571428595,0.10133333333333333
58,-12.856276156891479,5613.726452187695,25.15,11662.008374609464,0.03718154070367992,0.25142857142857167,0.096
59,-5.713366563078896,5943.0293956804035,24.25,11670.55630278288,0.03714819564371581,0.2471428571428574,0.09066666666666667
60,-7.14220946394774,5248.269342319478,23.549999999999997,11498.127537230708,0.03699920108892779,0.2428571428571431,0.08533333333333336
61,-4.284949090540694,5475.554257195094,24.55,11516.956942310426,0.03701436490018443,0.23857142857142882,0.07999999999999999
62,-17.142224942955252,5493.670482462603,23.75,11437.354696714245,0.03687376448623656,0.23428571428571454,0.07466666666666666
63,-9.99906453681385,5981.0476482372615,24.65,11396.479961277322,0.03686434300751358,0.23000000000000026,0.06933333333333334
64,-1.4278453395339332,5757.2334760478825,25.15,11376.205521201166,0.036799535383852784,0.22571428571428598,0.06400000000000002
65,-8.570552853650483,5765.11556241567,23.9,11347.147015653602,0.03675724805697151,0.2214285714285717,0.058666666666666645
66,-2.8563643512917762,5312.394715555537,22.650000000000002,11334.702499319621,0.03667100593357702,0.21714285714285742,0.05333333333333332
67,-7.14205131167345,5756.005083818052,25.7,11320.66939144411,0.03651330131083583,0.21285714285714313,0.048
68,-1.4276148186714208,6059.816477399369,24.099999999999998,11376.861400077194,0.036465623904613484,0.20857142857142885,0.04266666666666668
69,-1.42775847959222,5692.694375045207,24.8,11318.652040085355,0.03642921975863297,0.20428571428571457,0.03733333333333335
70,-5.713717841093292,5352.90740617929,24.349999999999998,11267.305311879329,0.03638402787419621,0.2000000000000003,0.03199999999999999
71,-4.2850064397205525,5091.138661920374,24.8,11216.552700713522,0.036267097635365626,0.195714285714286,0.02666666666666666
72,-1.4279442866559575,5013.86537213555,23.35,11222.377786601339,0.03615598103688391,0.19142857142857173,0.02133333333333334
73,0.000819641769341674,5467.485437623097,24.9,11184.257945959118,0.036178246119783986,0.18714285714285744,0.016000000000000014
74,0.0005952250780000091,5277.876678964874,23.150000000000002,11118.551127974653,0.03604676899306728,0.18285714285714316,0.010666666666666647
75,-2.856527230144095,5120.313927542367,25.75,11097.741591627702,0.035998361638706664,0.17857142857142888,0.005333333333333324
76,0.0007411873085393599,5679.718417738711,24.25,11045.684107409123,0.035974504659177314,0.1742857142857146,0.0
77,-1.4279383188560217,5552.280340184981,23.65,11013.370239063392,0.03584099591390234,0.17000000000000032,0.0
78,-1.427957615988137,5259.695054061946,24.15,10989.350390822185,0.03587451282042812,0.16571428571428604,0.0
79,-1.4279313173366854,5439.237728681464,24.55,10941.364120512884,0.03585430385301942,0.16142857142857175,0.0
